<?xml version="1.0" encoding="UTF-8"?><sv:node xmlns:sv="http://www.jcp.org/jcr/sv/1.0" xmlns:app="http://www.gatein.org/jcr/application-registry/1.0/" xmlns:dc="http://purl.org/dc/elements/1.1/" xmlns:exo="http://www.exoplatform.com/jcr/exo/1.0" xmlns:exoks="http://www.exoplatform.com/exoks/2.0" xmlns:fn="http://www.w3.org/2005/xpath-functions" xmlns:fn_old="http://www.w3.org/2004/10/xpath-functions" xmlns:gtn="http://www.gatein.org/jcr/gatein/1.0/" xmlns:jcr="http://www.jcp.org/jcr/1.0" xmlns:mix="http://www.jcp.org/jcr/mix/1.0" xmlns:mop="http://www.gatein.org/jcr/mop/1.0/" xmlns:nt="http://www.jcp.org/jcr/nt/1.0" xmlns:pc="http://www.gatein.org/jcr/pc/1.0/" xmlns:rep="internal" xmlns:tkn="http://www.gatein.org/jcr/token/1.0/" xmlns:webdav="http://www.exoplatform.org/jcr/webdav" xmlns:wsrp="http://www.gatein.org/jcr/wsrp/1.0/" xmlns:xs="http://www.w3.org/2001/XMLSchema" exoks:applicationName="eXo Knowledge Suite - Forum" exoks:checkSum="6fa6826f8c5ad7bb8511240805a687be7e91bc28" exoks:exportDate="Tue Nov 02 13:49:28 ICT 2010" exoks:objectType="AdministrationHome" sv:name="AdministrationHome"><sv:property sv:name="jcr:primaryType" sv:type="Name"><sv:value>exo:administrationHome</sv:value></sv:property><sv:property sv:name="jcr:mixinTypes" sv:type="Name"><sv:value>exo:privilegeable</sv:value></sv:property><sv:property sv:name="exo:permissions" sv:type="Permission"><sv:value>*:/platform/administrators read</sv:value><sv:value>*:/platform/administrators add_node</sv:value><sv:value>*:/platform/administrators set_property</sv:value><sv:value>*:/platform/administrators remove</sv:value></sv:property></sv:node>