<?xml version="1.0" encoding="UTF-8"?><sv:node xmlns:sv="http://www.jcp.org/jcr/sv/1.0" xmlns:app="http://www.gatein.org/jcr/application-registry/1.0/" xmlns:dc="http://purl.org/dc/elements/1.1/" xmlns:exo="http://www.exoplatform.com/jcr/exo/1.0" xmlns:exoks="http://www.exoplatform.com/exoks/2.0" xmlns:fn="http://www.w3.org/2005/xpath-functions" xmlns:fn_old="http://www.w3.org/2004/10/xpath-functions" xmlns:gtn="http://www.gatein.org/jcr/gatein/1.0/" xmlns:jcr="http://www.jcp.org/jcr/1.0" xmlns:mix="http://www.jcp.org/jcr/mix/1.0" xmlns:mop="http://www.gatein.org/jcr/mop/1.0/" xmlns:nt="http://www.jcp.org/jcr/nt/1.0" xmlns:pc="http://www.gatein.org/jcr/pc/1.0/" xmlns:rep="internal" xmlns:tkn="http://www.gatein.org/jcr/token/1.0/" xmlns:webdav="http://www.exoplatform.org/jcr/webdav" xmlns:wsrp="http://www.gatein.org/jcr/wsrp/1.0/" xmlns:xs="http://www.w3.org/2001/XMLSchema" exoks:applicationName="eXo Knowledge Suite - Forum" exoks:checkSum="19d643f7888a8e98a427a37b15a57914f85bb8d4" exoks:exportDate="Tue Nov 02 13:49:28 ICT 2010" exoks:objectType="CategoryHome" sv:name="CategoryHome"><sv:property sv:name="jcr:primaryType" sv:type="Name"><sv:value>exo:categoryHome</sv:value></sv:property><sv:property sv:name="jcr:mixinTypes" sv:type="Name"><sv:value>exo:privilegeable</sv:value></sv:property><sv:property sv:name="exo:permissions" sv:type="Permission"><sv:value>*:/platform/administrators read</sv:value><sv:value>*:/platform/administrators add_node</sv:value><sv:value>*:/platform/administrators set_property</sv:value><sv:value>*:/platform/administrators remove</sv:value></sv:property><sv:node sv:name="forumCategory0b5617167f0001010075ecf69967c541"><sv:property sv:name="jcr:primaryType" sv:type="Name"><sv:value>exo:forumCategory</sv:value></sv:property><sv:property sv:name="exo:categoryOrder" sv:type="Long"><sv:value>0</sv:value></sv:property><sv:property sv:name="exo:createTopicRole" sv:type="String"><sv:value> </sv:value></sv:property><sv:property sv:name="exo:createdDate" sv:type="Date"><sv:value>2010-11-02T06:46:20.196+07:00</sv:value></sv:property><sv:property sv:name="exo:description" sv:type="String"><sv:value>All about eXo KS</sv:value></sv:property><sv:property sv:name="exo:forumCount" sv:type="Long"><sv:value>1</sv:value></sv:property><sv:property sv:name="exo:id" sv:type="String"><sv:value>forumCategory0b5617167f0001010075ecf69967c541</sv:value></sv:property><sv:property sv:name="exo:moderators" sv:type="String"><sv:value> </sv:value></sv:property><sv:property sv:name="exo:modifiedDate" sv:type="Date"><sv:value>2010-11-02T06:46:20.269+07:00</sv:value></sv:property><sv:property sv:name="exo:name" sv:type="String"><sv:value>Knowledge Suite</sv:value></sv:property><sv:property sv:name="exo:owner" sv:type="String"><sv:value>root</sv:value></sv:property><sv:property sv:name="exo:poster" sv:type="String"><sv:value> </sv:value></sv:property><sv:property sv:name="exo:tempModerators" sv:type="String"/><sv:property sv:name="exo:userPrivate" sv:type="String"><sv:value> </sv:value></sv:property><sv:node sv:name="forum0b5618487f00010101872217d44235a5"><sv:property sv:name="jcr:primaryType" sv:type="Name"><sv:value>exo:forum</sv:value></sv:property><sv:property sv:name="exo:banIPs" sv:type="String"/><sv:property sv:name="exo:createTopicRole" sv:type="String"/><sv:property sv:name="exo:createdDate" sv:type="Date"><sv:value>2010-11-02T06:46:20.492+07:00</sv:value></sv:property><sv:property sv:name="exo:description" sv:type="String"><sv:value>Questions about this demo</sv:value></sv:property><sv:property sv:name="exo:forumOrder" sv:type="Long"><sv:value>0</sv:value></sv:property><sv:property sv:name="exo:id" sv:type="String"><sv:value>forum0b5618487f00010101872217d44235a5</sv:value></sv:property><sv:property sv:name="exo:isAutoAddEmailNotify" sv:type="Boolean"><sv:value>true</sv:value></sv:property><sv:property sv:name="exo:isClosed" sv:type="Boolean"><sv:value>false</sv:value></sv:property><sv:property sv:name="exo:isLock" sv:type="Boolean"><sv:value>false</sv:value></sv:property><sv:property sv:name="exo:isModeratePost" sv:type="Boolean"><sv:value>false</sv:value></sv:property><sv:property sv:name="exo:isModerateTopic" sv:type="Boolean"><sv:value>false</sv:value></sv:property><sv:property sv:name="exo:lastTopicPath" sv:type="String"><sv:value>topic0b5619117f000101010d06c96c90f0e9</sv:value></sv:property><sv:property sv:name="exo:moderators" sv:type="String"/><sv:property sv:name="exo:modifiedDate" sv:type="Date"><sv:value>2010-11-02T06:46:20.539+07:00</sv:value></sv:property><sv:property sv:name="exo:name" sv:type="String"><sv:value>Live demo</sv:value></sv:property><sv:property sv:name="exo:notifyWhenAddPost" sv:type="String"/><sv:property sv:name="exo:notifyWhenAddTopic" sv:type="String"/><sv:property sv:name="exo:owner" sv:type="String"><sv:value>root</sv:value></sv:property><sv:property sv:name="exo:postCount" sv:type="Long"><sv:value>1</sv:value></sv:property><sv:property sv:name="exo:poster" sv:type="String"/><sv:property sv:name="exo:tempModerators" sv:type="String"/><sv:property sv:name="exo:topicCount" sv:type="Long"><sv:value>1</sv:value></sv:property><sv:property sv:name="exo:viewer" sv:type="String"/><sv:node sv:name="pruneSetting"><sv:property sv:name="jcr:primaryType" sv:type="Name"><sv:value>exo:pruneSetting</sv:value></sv:property><sv:property sv:name="exo:id" sv:type="String"><sv:value>012886551801960java.util.GregorianCalendar[time=1288655180629,areFieldsSet=true,areAllFieldsSet=true,lenient=false,zone=sun.util.calendar.ZoneInfo[id="Asia/Ho_Chi_Minh",offset=25200000,dstSavings=0,useDaylight=false,transitions=6,lastRule=null],firstDayOfWeek=1,minimalDaysInFirstWeek=1,ERA=1,YEAR=2010,MONTH=10,WEEK_OF_YEAR=45,WEEK_OF_MONTH=1,DAY_OF_MONTH=2,DAY_OF_YEAR=306,DAY_OF_WEEK=3,DAY_OF_WEEK_IN_MONTH=1,AM_PM=0,HOUR=6,HOUR_OF_DAY=6,MINUTE=46,SECOND=20,MILLISECOND=629,ZONE_OFFSET=25200000,DST_OFFSET=0]</sv:value></sv:property><sv:property sv:name="exo:inActiveDay" sv:type="Long"><sv:value>0</sv:value></sv:property><sv:property sv:name="exo:isActive" sv:type="Boolean"><sv:value>false</sv:value></sv:property><sv:property sv:name="exo:periodTime" sv:type="Long"><sv:value>0</sv:value></sv:property></sv:node><sv:node sv:name="topic0b5619117f000101010d06c96c90f0e9"><sv:property sv:name="jcr:primaryType" sv:type="Name"><sv:value>exo:topic</sv:value></sv:property><sv:property sv:name="exo:canPost" sv:type="String"><sv:value> </sv:value></sv:property><sv:property sv:name="exo:canView" sv:type="String"><sv:value/></sv:property><sv:property sv:name="exo:createdDate" sv:type="Date"><sv:value>2010-11-02T06:46:20.694+07:00</sv:value></sv:property><sv:property sv:name="exo:description" sv:type="String"><sv:value>Welcome to eXo Knowledge Suite live demo!&lt;br/&gt;&lt;br/&gt;&lt;br/&gt;                                     We hope you enjoy discovering eXo Forum and FAQ applications features.                                     You don't need to be logged in to see the applications in action. But the power of KS lies in the rich set of admin/moderation features.&lt;br/&gt;&lt;br/&gt;                                    We didn't want you to miss them so, when you [b][url="/portal/public/classic/register"]create a demo account[/url][/b], you will be granted full permissions.                                    Anybody can become an administrator or a moderator and play in the sandbox!&lt;br/&gt;                                    As a consequence, the data for this forum (including the accounts) is not meant to stay.&lt;br/&gt;&lt;br/&gt;                                    [b][center]WE MAY RESET FORUMS AND FAQS ANYTIME[/center][/b]&lt;br/&gt;&lt;br/&gt;                                    Enjoy and don't forget to send feedback at [email]ks@exoplatform.com[/email]</sv:value></sv:property><sv:property sv:name="exo:icon" sv:type="String"><sv:value>Shield</sv:value></sv:property><sv:property sv:name="exo:id" sv:type="String"><sv:value>topic0b5619117f000101010d06c96c90f0e9</sv:value></sv:property><sv:property sv:name="exo:isActive" sv:type="Boolean"><sv:value>true</sv:value></sv:property><sv:property sv:name="exo:isActiveByForum" sv:type="Boolean"><sv:value>true</sv:value></sv:property><sv:property sv:name="exo:isApproved" sv:type="Boolean"><sv:value>true</sv:value></sv:property><sv:property sv:name="exo:isClosed" sv:type="Boolean"><sv:value>false</sv:value></sv:property><sv:property sv:name="exo:isLock" sv:type="Boolean"><sv:value>false</sv:value></sv:property><sv:property sv:name="exo:isModeratePost" sv:type="Boolean"><sv:value>false</sv:value></sv:property><sv:property sv:name="exo:isNotifyWhenAddPost" sv:type="String"><sv:value/></sv:property><sv:property sv:name="exo:isPoll" sv:type="Boolean"><sv:value>false</sv:value></sv:property><sv:property sv:name="exo:isSticky" sv:type="Boolean"><sv:value>false</sv:value></sv:property><sv:property sv:name="exo:isWaiting" sv:type="Boolean"><sv:value>false</sv:value></sv:property><sv:property sv:name="exo:lastPostBy" sv:type="String"><sv:value>root</sv:value></sv:property><sv:property sv:name="exo:lastPostDate" sv:type="Date"><sv:value>2010-11-02T06:46:20.878+07:00</sv:value></sv:property><sv:property sv:name="exo:link" sv:type="String"><sv:value/></sv:property><sv:property sv:name="exo:modifiedDate" sv:type="Date"><sv:value>2010-11-02T06:46:20.784+07:00</sv:value></sv:property><sv:property sv:name="exo:name" sv:type="String"><sv:value>Demo data policy</sv:value></sv:property><sv:property sv:name="exo:numberAttachments" sv:type="Long"><sv:value>0</sv:value></sv:property><sv:property sv:name="exo:owner" sv:type="String"><sv:value>root</sv:value></sv:property><sv:property sv:name="exo:path" sv:type="String"><sv:value>forum0b5618487f00010101872217d44235a5</sv:value></sv:property><sv:property sv:name="exo:postCount" sv:type="Long"><sv:value>0</sv:value></sv:property><sv:property sv:name="exo:tagId" sv:type="String"/><sv:property sv:name="exo:topicType" sv:type="String"><sv:value/></sv:property><sv:property sv:name="exo:userVoteRating" sv:type="String"/><sv:property sv:name="exo:viewCount" sv:type="Long"><sv:value>0</sv:value></sv:property><sv:property sv:name="exo:voteRating" sv:type="Double"><sv:value>0.0</sv:value></sv:property><sv:node sv:name="post0b5619117f000101010d06c96c90f0e9"><sv:property sv:name="jcr:primaryType" sv:type="Name"><sv:value>exo:post</sv:value></sv:property><sv:property sv:name="exo:createdDate" sv:type="Date"><sv:value>2010-11-02T06:46:20.878+07:00</sv:value></sv:property><sv:property sv:name="exo:icon" sv:type="String"><sv:value>Shield</sv:value></sv:property><sv:property sv:name="exo:id" sv:type="String"><sv:value>post0b5619117f000101010d06c96c90f0e9</sv:value></sv:property><sv:property sv:name="exo:isActiveByTopic" sv:type="Boolean"><sv:value>true</sv:value></sv:property><sv:property sv:name="exo:isApproved" sv:type="Boolean"><sv:value>true</sv:value></sv:property><sv:property sv:name="exo:isFirstPost" sv:type="Boolean"><sv:value>true</sv:value></sv:property><sv:property sv:name="exo:isHidden" sv:type="Boolean"><sv:value>false</sv:value></sv:property><sv:property sv:name="exo:link" sv:type="String"><sv:value/></sv:property><sv:property sv:name="exo:message" sv:type="String"><sv:value>Welcome to eXo Knowledge Suite live demo!&lt;br/&gt;&lt;br/&gt;&lt;br/&gt;                                     We hope you enjoy discovering eXo Forum and FAQ applications features.                                     You don't need to be logged in to see the applications in action. But the power of KS lies in the rich set of admin/moderation features.&lt;br/&gt;&lt;br/&gt;                                    We didn't want you to miss them so, when you [b][url="/portal/public/classic/register"]create a demo account[/url][/b], you will be granted full permissions.                                    Anybody can become an administrator or a moderator and play in the sandbox!&lt;br/&gt;                                    As a consequence, the data for this forum (including the accounts) is not meant to stay.&lt;br/&gt;&lt;br/&gt;                                    [b][center]WE MAY RESET FORUMS AND FAQS ANYTIME[/center][/b]&lt;br/&gt;&lt;br/&gt;                                    Enjoy and don't forget to send feedback at [email]ks@exoplatform.com[/email]</sv:value></sv:property><sv:property sv:name="exo:name" sv:type="String"><sv:value>Demo data policy</sv:value></sv:property><sv:property sv:name="exo:numberAttach" sv:type="Long"><sv:value>0</sv:value></sv:property><sv:property sv:name="exo:owner" sv:type="String"><sv:value>root</sv:value></sv:property><sv:property sv:name="exo:path" sv:type="String"><sv:value>forum0b5618487f00010101872217d44235a5</sv:value></sv:property><sv:property sv:name="exo:remoteAddr" sv:type="String"><sv:value/></sv:property><sv:property sv:name="exo:userPrivate" sv:type="String"><sv:value>exoUserPri</sv:value></sv:property></sv:node></sv:node></sv:node></sv:node></sv:node>