<?xml version="1.0" encoding="UTF-8"?><sv:node xmlns:sv="http://www.jcp.org/jcr/sv/1.0" xmlns:app="http://www.gatein.org/jcr/application-registry/1.0/" xmlns:dc="http://purl.org/dc/elements/1.1/" xmlns:exo="http://www.exoplatform.com/jcr/exo/1.0" xmlns:exoks="http://www.exoplatform.com/exoks/2.0" xmlns:fn="http://www.w3.org/2005/xpath-functions" xmlns:fn_old="http://www.w3.org/2004/10/xpath-functions" xmlns:gtn="http://www.gatein.org/jcr/gatein/1.0/" xmlns:jcr="http://www.jcp.org/jcr/1.0" xmlns:mix="http://www.jcp.org/jcr/mix/1.0" xmlns:mop="http://www.gatein.org/jcr/mop/1.0/" xmlns:nt="http://www.jcp.org/jcr/nt/1.0" xmlns:pc="http://www.gatein.org/jcr/pc/1.0/" xmlns:rep="internal" xmlns:tkn="http://www.gatein.org/jcr/token/1.0/" xmlns:webdav="http://www.exoplatform.org/jcr/webdav" xmlns:wsrp="http://www.gatein.org/jcr/wsrp/1.0/" xmlns:xs="http://www.w3.org/2001/XMLSchema" exoks:applicationName="eXo Knowledge Suite - Forum" exoks:checkSum="1a91be748c82af54da47a02d991d00b5062a7b85" exoks:exportDate="Tue Nov 02 13:49:28 ICT 2010" exoks:objectType="forumBBCode" sv:name="forumBBCode"><sv:property sv:name="jcr:primaryType" sv:type="Name"><sv:value>exo:forumBBCodeHome</sv:value></sv:property><sv:property sv:name="jcr:mixinTypes" sv:type="Name"><sv:value>exo:privilegeable</sv:value></sv:property><sv:property sv:name="exo:permissions" sv:type="Permission"><sv:value>*:/platform/administrators read</sv:value><sv:value>*:/platform/administrators add_node</sv:value><sv:value>*:/platform/administrators set_property</sv:value><sv:value>*:/platform/administrators remove</sv:value></sv:property><sv:node sv:name="QUOTE"><sv:property sv:name="jcr:primaryType" sv:type="Name"><sv:value>exo:forumBBCode</sv:value></sv:property><sv:property sv:name="exo:description" sv:type="String"><sv:value>The [quote] tag allows attribute content of post.</sv:value></sv:property><sv:property sv:name="exo:example" sv:type="String"><sv:value>[quote]Lorem ipsum dolor sit amet[/quote]</sv:value></sv:property><sv:property sv:name="exo:isActive" sv:type="Boolean"><sv:value>true</sv:value></sv:property><sv:property sv:name="exo:isOption" sv:type="Boolean"><sv:value>false</sv:value></sv:property><sv:property sv:name="exo:replacement" sv:type="String"><sv:value>&lt;div style="background:#ededf7; border:1px solid #d8d8d8; padding:6px 6px 6px 15px; margin:2px 0px;"&gt;{param}&lt;/div&gt;</sv:value></sv:property><sv:property sv:name="exo:tagName" sv:type="String"><sv:value>QUOTE</sv:value></sv:property></sv:node><sv:node sv:name="URL="><sv:property sv:name="jcr:primaryType" sv:type="Name"><sv:value>exo:forumBBCode</sv:value></sv:property><sv:property sv:name="exo:description" sv:type="String"><sv:value>The [url=option] tag allows link to other websites and files and usean optional parameter to 'name' of thislink.</sv:value></sv:property><sv:property sv:name="exo:example" sv:type="String"><sv:value>[URL=http://www.exoplatform.com]Click goto exoplatform website.[/URL]</sv:value></sv:property><sv:property sv:name="exo:isActive" sv:type="Boolean"><sv:value>true</sv:value></sv:property><sv:property sv:name="exo:isOption" sv:type="Boolean"><sv:value>true</sv:value></sv:property><sv:property sv:name="exo:replacement" sv:type="String"><sv:value>&lt;a target='_blank' href="{option}"&gt;{param}&lt;/a&gt;</sv:value></sv:property><sv:property sv:name="exo:tagName" sv:type="String"><sv:value>URL</sv:value></sv:property></sv:node><sv:node sv:name="B"><sv:property sv:name="jcr:primaryType" sv:type="Name"><sv:value>exo:forumBBCode</sv:value></sv:property><sv:property sv:name="exo:description" sv:type="String"><sv:value>Set text in bold</sv:value></sv:property><sv:property sv:name="exo:example" sv:type="String"><sv:value>[B]This text is bold[/B]</sv:value></sv:property><sv:property sv:name="exo:isActive" sv:type="Boolean"><sv:value>true</sv:value></sv:property><sv:property sv:name="exo:isOption" sv:type="Boolean"><sv:value>false</sv:value></sv:property><sv:property sv:name="exo:replacement" sv:type="String"><sv:value>&lt;b&gt;{param}&lt;/b&gt;</sv:value></sv:property><sv:property sv:name="exo:tagName" sv:type="String"><sv:value>B</sv:value></sv:property></sv:node><sv:node sv:name="JUSTIFY"><sv:property sv:name="jcr:primaryType" sv:type="Name"><sv:value>exo:forumBBCode</sv:value></sv:property><sv:property sv:name="exo:description" sv:type="String"><sv:value>The [justify] tag allows aligntment text to justify.</sv:value></sv:property><sv:property sv:name="exo:example" sv:type="String"><sv:value>[JUSTIFY]this text is justify-aligned[/JUSTIFY]</sv:value></sv:property><sv:property sv:name="exo:isActive" sv:type="Boolean"><sv:value>true</sv:value></sv:property><sv:property sv:name="exo:isOption" sv:type="Boolean"><sv:value>false</sv:value></sv:property><sv:property sv:name="exo:replacement" sv:type="String"><sv:value>&lt;div align="justify"&gt;{param}&lt;/div&gt;</sv:value></sv:property><sv:property sv:name="exo:tagName" sv:type="String"><sv:value>JUSTIFY</sv:value></sv:property></sv:node><sv:node sv:name="CSS="><sv:property sv:name="jcr:primaryType" sv:type="Name"><sv:value>exo:forumBBCode</sv:value></sv:property><sv:property sv:name="exo:description" sv:type="String"><sv:value>The [css=option] tag allows you to add div tag and set class Name for this it.</sv:value></sv:property><sv:property sv:name="exo:example" sv:type="String"><sv:value>[css=highlight]Text is highlight[/css]</sv:value></sv:property><sv:property sv:name="exo:isActive" sv:type="Boolean"><sv:value>true</sv:value></sv:property><sv:property sv:name="exo:isOption" sv:type="Boolean"><sv:value>true</sv:value></sv:property><sv:property sv:name="exo:replacement" sv:type="String"><sv:value>&lt;span class="{option}"&gt;{param}&lt;/span&gt;</sv:value></sv:property><sv:property sv:name="exo:tagName" sv:type="String"><sv:value>CSS</sv:value></sv:property></sv:node><sv:node sv:name="LIST="><sv:property sv:name="jcr:primaryType" sv:type="Name"><sv:value>exo:forumBBCode</sv:value></sv:property><sv:property sv:name="exo:description" sv:type="String"><sv:value>The [list=option] tag allows create bulleted lists specifying an option. Within the value portion, each bullet is denoted by the [*] tag.</sv:value></sv:property><sv:property sv:name="exo:example" sv:type="String"><sv:value>[list=1][*]list item 1[*]list item 2[/list]</sv:value></sv:property><sv:property sv:name="exo:isActive" sv:type="Boolean"><sv:value>true</sv:value></sv:property><sv:property sv:name="exo:isOption" sv:type="Boolean"><sv:value>true</sv:value></sv:property><sv:property sv:name="exo:replacement" sv:type="String"><sv:value>You can not define this bbcode tag. It is defined by the developer.</sv:value></sv:property><sv:property sv:name="exo:tagName" sv:type="String"><sv:value>LIST</sv:value></sv:property></sv:node><sv:node sv:name="HIGHLIGHT"><sv:property sv:name="jcr:primaryType" sv:type="Name"><sv:value>exo:forumBBCode</sv:value></sv:property><sv:property sv:name="exo:description" sv:type="String"><sv:value>The [highlight] tag allows you to make highlight of your text.</sv:value></sv:property><sv:property sv:name="exo:example" sv:type="String"><sv:value>[highlight]this text is highlighted[/highlight]</sv:value></sv:property><sv:property sv:name="exo:isActive" sv:type="Boolean"><sv:value>true</sv:value></sv:property><sv:property sv:name="exo:isOption" sv:type="Boolean"><sv:value>false</sv:value></sv:property><sv:property sv:name="exo:replacement" sv:type="String"><sv:value>&lt;span style="font-weight: bold; color: blue;"&gt;{param}&lt;/span&gt;</sv:value></sv:property><sv:property sv:name="exo:tagName" sv:type="String"><sv:value>HIGHLIGHT</sv:value></sv:property></sv:node><sv:node sv:name="LEFT"><sv:property sv:name="jcr:primaryType" sv:type="Name"><sv:value>exo:forumBBCode</sv:value></sv:property><sv:property sv:name="exo:description" sv:type="String"><sv:value>The [left] tag allows aligntment text to left.</sv:value></sv:property><sv:property sv:name="exo:example" sv:type="String"><sv:value>[LEFT]This text is left-aligned[/LEFT]</sv:value></sv:property><sv:property sv:name="exo:isActive" sv:type="Boolean"><sv:value>true</sv:value></sv:property><sv:property sv:name="exo:isOption" sv:type="Boolean"><sv:value>false</sv:value></sv:property><sv:property sv:name="exo:replacement" sv:type="String"><sv:value>&lt;div align="left"&gt;{param}&lt;/div&gt;</sv:value></sv:property><sv:property sv:name="exo:tagName" sv:type="String"><sv:value>LEFT</sv:value></sv:property></sv:node><sv:node sv:name="I"><sv:property sv:name="jcr:primaryType" sv:type="Name"><sv:value>exo:forumBBCode</sv:value></sv:property><sv:property sv:name="exo:description" sv:type="String"><sv:value>Set text in italic</sv:value></sv:property><sv:property sv:name="exo:example" sv:type="String"><sv:value>[I]This text is italic[/I]</sv:value></sv:property><sv:property sv:name="exo:isActive" sv:type="Boolean"><sv:value>true</sv:value></sv:property><sv:property sv:name="exo:isOption" sv:type="Boolean"><sv:value>false</sv:value></sv:property><sv:property sv:name="exo:replacement" sv:type="String"><sv:value>&lt;i&gt;{param}&lt;/i&gt;</sv:value></sv:property><sv:property sv:name="exo:tagName" sv:type="String"><sv:value>I</sv:value></sv:property></sv:node><sv:node sv:name="U"><sv:property sv:name="jcr:primaryType" sv:type="Name"><sv:value>exo:forumBBCode</sv:value></sv:property><sv:property sv:name="exo:description" sv:type="String"><sv:value>Set text in underline</sv:value></sv:property><sv:property sv:name="exo:example" sv:type="String"><sv:value>[U]This text is underline[/U]</sv:value></sv:property><sv:property sv:name="exo:isActive" sv:type="Boolean"><sv:value>true</sv:value></sv:property><sv:property sv:name="exo:isOption" sv:type="Boolean"><sv:value>false</sv:value></sv:property><sv:property sv:name="exo:replacement" sv:type="String"><sv:value>&lt;u&gt;{param}&lt;/u&gt;</sv:value></sv:property><sv:property sv:name="exo:tagName" sv:type="String"><sv:value>U</sv:value></sv:property></sv:node><sv:node sv:name="RIGHT"><sv:property sv:name="jcr:primaryType" sv:type="Name"><sv:value>exo:forumBBCode</sv:value></sv:property><sv:property sv:name="exo:description" sv:type="String"><sv:value>The [right] tag allows aligntment text to right.</sv:value></sv:property><sv:property sv:name="exo:example" sv:type="String"><sv:value>[RIGHT]example[/RIGHT]</sv:value></sv:property><sv:property sv:name="exo:isActive" sv:type="Boolean"><sv:value>true</sv:value></sv:property><sv:property sv:name="exo:isOption" sv:type="Boolean"><sv:value>false</sv:value></sv:property><sv:property sv:name="exo:replacement" sv:type="String"><sv:value>&lt;div align="right"&gt;{param}&lt;/div&gt;</sv:value></sv:property><sv:property sv:name="exo:tagName" sv:type="String"><sv:value>RIGHT</sv:value></sv:property></sv:node><sv:node sv:name="FONT="><sv:property sv:name="jcr:primaryType" sv:type="Name"><sv:value>exo:forumBBCode</sv:value></sv:property><sv:property sv:name="exo:description" sv:type="String"><sv:value>The [font=option] tag allows you to change the font of your text.</sv:value></sv:property><sv:property sv:name="exo:example" sv:type="String"><sv:value>[font=courier]this text is in the courier font[/font]</sv:value></sv:property><sv:property sv:name="exo:isActive" sv:type="Boolean"><sv:value>true</sv:value></sv:property><sv:property sv:name="exo:isOption" sv:type="Boolean"><sv:value>true</sv:value></sv:property><sv:property sv:name="exo:replacement" sv:type="String"><sv:value>&lt;font face="{option}"&gt;{param}&lt;/font&gt;</sv:value></sv:property><sv:property sv:name="exo:tagName" sv:type="String"><sv:value>FONT</sv:value></sv:property></sv:node><sv:node sv:name="EMAIL="><sv:property sv:name="jcr:primaryType" sv:type="Name"><sv:value>exo:forumBBCode</sv:value></sv:property><sv:property sv:name="exo:description" sv:type="String"><sv:value>The [email=option] tag allows link to an email address and use an optional parameter to 'name' of this link.</sv:value></sv:property><sv:property sv:name="exo:example" sv:type="String"><sv:value>[email=demo@example.com]Click Here to Email me[/email]</sv:value></sv:property><sv:property sv:name="exo:isActive" sv:type="Boolean"><sv:value>true</sv:value></sv:property><sv:property sv:name="exo:isOption" sv:type="Boolean"><sv:value>true</sv:value></sv:property><sv:property sv:name="exo:replacement" sv:type="String"><sv:value>&lt;a href="mailto:{option}"&gt;{param}&lt;/a&gt;</sv:value></sv:property><sv:property sv:name="exo:tagName" sv:type="String"><sv:value>EMAIL</sv:value></sv:property></sv:node><sv:node sv:name="GOTO="><sv:property sv:name="jcr:primaryType" sv:type="Name"><sv:value>exo:forumBBCode</sv:value></sv:property><sv:property sv:name="exo:description" sv:type="String"><sv:value>Allows goto directly to link instead of open a new window or a new tab.</sv:value></sv:property><sv:property sv:name="exo:example" sv:type="String"><sv:value>[goto=http://www.exoplatform.com]Goto this link.[/goto]&gt;</sv:value></sv:property><sv:property sv:name="exo:isActive" sv:type="Boolean"><sv:value>true</sv:value></sv:property><sv:property sv:name="exo:isOption" sv:type="Boolean"><sv:value>true</sv:value></sv:property><sv:property sv:name="exo:replacement" sv:type="String"><sv:value>&lt;a href="{option}"&gt;{param}&lt;/a&gt;</sv:value></sv:property><sv:property sv:name="exo:tagName" sv:type="String"><sv:value>GOTO</sv:value></sv:property></sv:node><sv:node sv:name="LIST"><sv:property sv:name="jcr:primaryType" sv:type="Name"><sv:value>exo:forumBBCode</sv:value></sv:property><sv:property sv:name="exo:description" sv:type="String"><sv:value>The [list] tag allows create simple, each bullet is denoted by the [*] tag.</sv:value></sv:property><sv:property sv:name="exo:example" sv:type="String"><sv:value>[list][*]list item 1[*]list item 2[/list]</sv:value></sv:property><sv:property sv:name="exo:isActive" sv:type="Boolean"><sv:value>true</sv:value></sv:property><sv:property sv:name="exo:isOption" sv:type="Boolean"><sv:value>false</sv:value></sv:property><sv:property sv:name="exo:replacement" sv:type="String"><sv:value>You can not define this bbcode tag. It is defined by the developer.</sv:value></sv:property><sv:property sv:name="exo:tagName" sv:type="String"><sv:value>LIST</sv:value></sv:property></sv:node><sv:node sv:name="EMAIL"><sv:property sv:name="jcr:primaryType" sv:type="Name"><sv:value>exo:forumBBCode</sv:value></sv:property><sv:property sv:name="exo:description" sv:type="String"><sv:value>The [email] tag allows you to link to an email address.</sv:value></sv:property><sv:property sv:name="exo:example" sv:type="String"><sv:value>[email]demo@example.com[/email]</sv:value></sv:property><sv:property sv:name="exo:isActive" sv:type="Boolean"><sv:value>true</sv:value></sv:property><sv:property sv:name="exo:isOption" sv:type="Boolean"><sv:value>false</sv:value></sv:property><sv:property sv:name="exo:replacement" sv:type="String"><sv:value>&lt;a href="mailto:{param}"&gt;{param}&lt;/a&gt;</sv:value></sv:property><sv:property sv:name="exo:tagName" sv:type="String"><sv:value>EMAIL</sv:value></sv:property></sv:node><sv:node sv:name="QUOTE="><sv:property sv:name="jcr:primaryType" sv:type="Name"><sv:value>exo:forumBBCode</sv:value></sv:property><sv:property sv:name="exo:description" sv:type="String"><sv:value>The [quote=option] tag allows attibute content and user name of poster.</sv:value></sv:property><sv:property sv:name="exo:example" sv:type="String"><sv:value>[quote=John Doe]Lorem ipsum dolor sit amet[/quote]</sv:value></sv:property><sv:property sv:name="exo:isActive" sv:type="Boolean"><sv:value>true</sv:value></sv:property><sv:property sv:name="exo:isOption" sv:type="Boolean"><sv:value>true</sv:value></sv:property><sv:property sv:name="exo:replacement" sv:type="String"><sv:value>&lt;div style="background:#ededf7; border:1px solid #d8d8d8; padding:6px 6px 6px 15px; margin:2px 0px;"&gt;&lt;div&gt;Originally Posted by &lt;strong&gt;{option}&lt;/strong&gt;&lt;/div&gt;&lt;div&gt;{param}&lt;/div&gt;&lt;/div&gt;</sv:value></sv:property><sv:property sv:name="exo:tagName" sv:type="String"><sv:value>QUOTE</sv:value></sv:property></sv:node><sv:node sv:name="COLOR="><sv:property sv:name="jcr:primaryType" sv:type="Name"><sv:value>exo:forumBBCode</sv:value></sv:property><sv:property sv:name="exo:description" sv:type="String"><sv:value>The [color=option] tag allows you to change the color of your text.</sv:value></sv:property><sv:property sv:name="exo:example" sv:type="String"><sv:value>[COLOR=blue]This text is blue[/COLOR]</sv:value></sv:property><sv:property sv:name="exo:isActive" sv:type="Boolean"><sv:value>true</sv:value></sv:property><sv:property sv:name="exo:isOption" sv:type="Boolean"><sv:value>true</sv:value></sv:property><sv:property sv:name="exo:replacement" sv:type="String"><sv:value>&lt;font color="{option}"&gt;{param}&lt;/font&gt;</sv:value></sv:property><sv:property sv:name="exo:tagName" sv:type="String"><sv:value>COLOR</sv:value></sv:property></sv:node><sv:node sv:name="SLIDESHARE="><sv:property sv:name="jcr:primaryType" sv:type="Name"><sv:value>exo:forumBBCode</sv:value></sv:property><sv:property sv:name="exo:description" sv:type="String"><sv:value>The [SLIDESHARE=option] tag allows you to run slide in slidesharecdn.com site.</sv:value></sv:property><sv:property sv:name="exo:example" sv:type="String"><sv:value>[SLIDESHARE=slideId]My slide[/SLIDESHARE]</sv:value></sv:property><sv:property sv:name="exo:isActive" sv:type="Boolean"><sv:value>true</sv:value></sv:property><sv:property sv:name="exo:isOption" sv:type="Boolean"><sv:value>true</sv:value></sv:property><sv:property sv:name="exo:replacement" sv:type="String"><sv:value>&lt;div style="width:425px; height:355px;" align="center"&gt;
              &lt;object style="margin:0px" width="425" height="355"&gt;
                &lt;param name="movie" value="http://static.slidesharecdn.com/swf/ssplayer2.swf?doc={option}&amp;rel=0"/&gt;
                &lt;param name="allowFullScreen" value="true"/&gt;
                &lt;param name="allowScriptAccess" value="always"/&gt;
                &lt;embed src="http://static.slidesharecdn.com/swf/ssplayer2.swf?doc={option}&amp;rel=0" 
                       type="application/x-shockwave-flash" allowscriptaccess="always" allowfullscreen="true" 
                       width="425" height="355"&gt;
                &lt;/embed&gt;
              &lt;/object&gt;
              &lt;b&gt;{param}&lt;/b&gt;&lt;/div&gt;</sv:value></sv:property><sv:property sv:name="exo:tagName" sv:type="String"><sv:value>SLIDESHARE</sv:value></sv:property></sv:node><sv:node sv:name="URL"><sv:property sv:name="jcr:primaryType" sv:type="Name"><sv:value>exo:forumBBCode</sv:value></sv:property><sv:property sv:name="exo:description" sv:type="String"><sv:value>The [url] tag allows link to other websites and files.</sv:value></sv:property><sv:property sv:name="exo:example" sv:type="String"><sv:value>[URL]http://www.exoplatform.com[/URL]</sv:value></sv:property><sv:property sv:name="exo:isActive" sv:type="Boolean"><sv:value>true</sv:value></sv:property><sv:property sv:name="exo:isOption" sv:type="Boolean"><sv:value>false</sv:value></sv:property><sv:property sv:name="exo:replacement" sv:type="String"><sv:value>&lt;a target='_blank' href="{param}"&gt;{param}&lt;/a&gt;</sv:value></sv:property><sv:property sv:name="exo:tagName" sv:type="String"><sv:value>URL</sv:value></sv:property></sv:node><sv:node sv:name="SIZE="><sv:property sv:name="jcr:primaryType" sv:type="Name"><sv:value>exo:forumBBCode</sv:value></sv:property><sv:property sv:name="exo:description" sv:type="String"><sv:value>The [size=option] tag allows you to change the size of your text.</sv:value></sv:property><sv:property sv:name="exo:example" sv:type="String"><sv:value>[size=+2]this text is two sizes larger than normal[/size]</sv:value></sv:property><sv:property sv:name="exo:isActive" sv:type="Boolean"><sv:value>true</sv:value></sv:property><sv:property sv:name="exo:isOption" sv:type="Boolean"><sv:value>true</sv:value></sv:property><sv:property sv:name="exo:replacement" sv:type="String"><sv:value>&lt;font size="{option}"&gt;{param}&lt;/font&gt;</sv:value></sv:property><sv:property sv:name="exo:tagName" sv:type="String"><sv:value>SIZE</sv:value></sv:property></sv:node><sv:node sv:name="CENTER"><sv:property sv:name="jcr:primaryType" sv:type="Name"><sv:value>exo:forumBBCode</sv:value></sv:property><sv:property sv:name="exo:description" sv:type="String"><sv:value>The [center] allows aligntment text to center.</sv:value></sv:property><sv:property sv:name="exo:example" sv:type="String"><sv:value>[CENTER]this text is center-aligned[/CENTER]</sv:value></sv:property><sv:property sv:name="exo:isActive" sv:type="Boolean"><sv:value>true</sv:value></sv:property><sv:property sv:name="exo:isOption" sv:type="Boolean"><sv:value>false</sv:value></sv:property><sv:property sv:name="exo:replacement" sv:type="String"><sv:value>&lt;div align="center"&gt;{param}&lt;/div&gt;</sv:value></sv:property><sv:property sv:name="exo:tagName" sv:type="String"><sv:value>CENTER</sv:value></sv:property></sv:node><sv:node sv:name="IMG"><sv:property sv:name="jcr:primaryType" sv:type="Name"><sv:value>exo:forumBBCode</sv:value></sv:property><sv:property sv:name="exo:description" sv:type="String"><sv:value>The [img] tag allows you to shows the image indicated by {url}</sv:value></sv:property><sv:property sv:name="exo:example" sv:type="String"><sv:value>[url=http://www.google.com.vn] [img]http://groups.google.com.vn/groups/img/3nb/groups_medium_vi.gif[/img] [/url]</sv:value></sv:property><sv:property sv:name="exo:isActive" sv:type="Boolean"><sv:value>true</sv:value></sv:property><sv:property sv:name="exo:isOption" sv:type="Boolean"><sv:value>false</sv:value></sv:property><sv:property sv:name="exo:replacement" sv:type="String"><sv:value>&lt;img border="0" alt="" src="{param}" class="inlineimg"/&gt;</sv:value></sv:property><sv:property sv:name="exo:tagName" sv:type="String"><sv:value>IMG</sv:value></sv:property></sv:node><sv:node sv:name="CODE"><sv:property sv:name="jcr:primaryType" sv:type="Name"><sv:value>exo:forumBBCode</sv:value></sv:property><sv:property sv:name="exo:description" sv:type="String"><sv:value>The [code] tag allows you to view source code html.</sv:value></sv:property><sv:property sv:name="exo:example" sv:type="String"><sv:value>[code]&lt;div&gt;some text or code html&lt;/div&gt;[/code]</sv:value></sv:property><sv:property sv:name="exo:isActive" sv:type="Boolean"><sv:value>true</sv:value></sv:property><sv:property sv:name="exo:isOption" sv:type="Boolean"><sv:value>false</sv:value></sv:property><sv:property sv:name="exo:replacement" sv:type="String"><sv:value>&lt;div style="background:#ededed; border:1px inset #7b7b7b; margin:5px; overflow:auto;"&gt;&lt;pre style="margin: 0px; padding: 0px; overflow: auto; text-align: left;" dir="ltr"&gt;&lt;div&gt;{param}&lt;/div&gt;&lt;/pre&gt;&lt;/div&gt;</sv:value></sv:property><sv:property sv:name="exo:tagName" sv:type="String"><sv:value>CODE</sv:value></sv:property></sv:node></sv:node>