<?xml version="1.0" encoding="UTF-8"?><sv:node xmlns:sv="http://www.jcp.org/jcr/sv/1.0" xmlns:app="http://www.gatein.org/jcr/application-registry/1.0/" xmlns:dc="http://purl.org/dc/elements/1.1/" xmlns:exo="http://www.exoplatform.com/jcr/exo/1.0" xmlns:exoks="http://www.exoplatform.com/exoks/2.0" xmlns:fn="http://www.w3.org/2005/xpath-functions" xmlns:fn_old="http://www.w3.org/2004/10/xpath-functions" xmlns:gtn="http://www.gatein.org/jcr/gatein/1.0/" xmlns:jcr="http://www.jcp.org/jcr/1.0" xmlns:mix="http://www.jcp.org/jcr/mix/1.0" xmlns:mop="http://www.gatein.org/jcr/mop/1.0/" xmlns:nt="http://www.jcp.org/jcr/nt/1.0" xmlns:pc="http://www.gatein.org/jcr/pc/1.0/" xmlns:rep="internal" xmlns:tkn="http://www.gatein.org/jcr/token/1.0/" xmlns:webdav="http://www.exoplatform.org/jcr/webdav" xmlns:wsrp="http://www.gatein.org/jcr/wsrp/1.0/" xmlns:xs="http://www.w3.org/2001/XMLSchema" exoks:applicationName="eXo Knowledge Suite - Forum" exoks:checkSum="9f17de29af4c47db05a9572f23c454f60ad72eb1" exoks:exportDate="Tue Nov 02 13:49:28 ICT 2010" exoks:objectType="UserProfileHome" sv:name="UserProfileHome"><sv:property sv:name="jcr:primaryType" sv:type="Name"><sv:value>exo:userProfileHome</sv:value></sv:property><sv:property sv:name="jcr:mixinTypes" sv:type="Name"><sv:value>exo:privilegeable</sv:value></sv:property><sv:property sv:name="exo:permissions" sv:type="Permission"><sv:value>*:/platform/administrators read</sv:value><sv:value>*:/platform/administrators add_node</sv:value><sv:value>*:/platform/administrators set_property</sv:value><sv:value>*:/platform/administrators remove</sv:value></sv:property><sv:node sv:name="root"><sv:property sv:name="jcr:primaryType" sv:type="Name"><sv:value>exo:forumUserProfile</sv:value></sv:property><sv:property sv:name="exo:email" sv:type="String"><sv:value>root@localhost</sv:value></sv:property><sv:property sv:name="exo:firstName" sv:type="String"><sv:value> </sv:value></sv:property><sv:property sv:name="exo:fullName" sv:type="String"><sv:value>Root Root</sv:value></sv:property><sv:property sv:name="exo:isAutoWatchMyTopics" sv:type="Boolean"><sv:value>false</sv:value></sv:property><sv:property sv:name="exo:isAutoWatchTopicIPost" sv:type="Boolean"><sv:value>false</sv:value></sv:property><sv:property sv:name="exo:isBanned" sv:type="Boolean"><sv:value>false</sv:value></sv:property><sv:property sv:name="exo:isDisplayAvatar" sv:type="Boolean"><sv:value>true</sv:value></sv:property><sv:property sv:name="exo:isDisplaySignature" sv:type="Boolean"><sv:value>false</sv:value></sv:property><sv:property sv:name="exo:isShowForumJump" sv:type="Boolean"><sv:value>true</sv:value></sv:property><sv:property sv:name="exo:jobWattingForModerator" sv:type="Long"><sv:value>0</sv:value></sv:property><sv:property sv:name="exo:joinedDate" sv:type="Date"><sv:value>2010-11-02T13:46:36.262+07:00</sv:value></sv:property><sv:property sv:name="exo:lastLoginDate" sv:type="Date"><sv:value>2010-11-02T06:46:36.575+07:00</sv:value></sv:property><sv:property sv:name="exo:lastName" sv:type="String"><sv:value> </sv:value></sv:property><sv:property sv:name="exo:lastPostDate" sv:type="Date"><sv:value>2010-11-02T06:46:20.878+07:00</sv:value></sv:property><sv:property sv:name="exo:longDateformat" sv:type="String"><sv:value>DDD,MMM dd,yyyy</sv:value></sv:property><sv:property sv:name="exo:maxPost" sv:type="Long"><sv:value>10</sv:value></sv:property><sv:property sv:name="exo:maxTopic" sv:type="Long"><sv:value>10</sv:value></sv:property><sv:property sv:name="exo:moderateForums" sv:type="String"><sv:value> </sv:value></sv:property><sv:property sv:name="exo:newMessage" sv:type="Long"><sv:value>0</sv:value></sv:property><sv:property sv:name="exo:readForum" sv:type="String"><sv:value> </sv:value></sv:property><sv:property sv:name="exo:readTopic" sv:type="String"><sv:value> </sv:value></sv:property><sv:property sv:name="exo:shortDateformat" sv:type="String"><sv:value>MM/dd/yyyy</sv:value></sv:property><sv:property sv:name="exo:signature" sv:type="String"><sv:value> </sv:value></sv:property><sv:property sv:name="exo:timeFormat" sv:type="String"><sv:value>hh:mm a</sv:value></sv:property><sv:property sv:name="exo:timeZone" sv:type="Double"><sv:value>0.0</sv:value></sv:property><sv:property sv:name="exo:totalPost" sv:type="Long"><sv:value>1</sv:value></sv:property><sv:property sv:name="exo:totalTopic" sv:type="Long"><sv:value>1</sv:value></sv:property><sv:property sv:name="exo:userId" sv:type="String"><sv:value>root</sv:value></sv:property><sv:property sv:name="exo:userRole" sv:type="Long"><sv:value>0</sv:value></sv:property><sv:property sv:name="exo:userTitle" sv:type="String"><sv:value>Administrator</sv:value></sv:property></sv:node><sv:node sv:name="john"><sv:property sv:name="jcr:primaryType" sv:type="Name"><sv:value>exo:forumUserProfile</sv:value></sv:property><sv:property sv:name="exo:email" sv:type="String"><sv:value>john@localhost</sv:value></sv:property><sv:property sv:name="exo:firstName" sv:type="String"><sv:value> </sv:value></sv:property><sv:property sv:name="exo:fullName" sv:type="String"><sv:value>John Anthony</sv:value></sv:property><sv:property sv:name="exo:isAutoWatchMyTopics" sv:type="Boolean"><sv:value>false</sv:value></sv:property><sv:property sv:name="exo:isAutoWatchTopicIPost" sv:type="Boolean"><sv:value>false</sv:value></sv:property><sv:property sv:name="exo:isBanned" sv:type="Boolean"><sv:value>false</sv:value></sv:property><sv:property sv:name="exo:isDisplayAvatar" sv:type="Boolean"><sv:value>true</sv:value></sv:property><sv:property sv:name="exo:isDisplaySignature" sv:type="Boolean"><sv:value>false</sv:value></sv:property><sv:property sv:name="exo:isShowForumJump" sv:type="Boolean"><sv:value>true</sv:value></sv:property><sv:property sv:name="exo:jobWattingForModerator" sv:type="Long"><sv:value>0</sv:value></sv:property><sv:property sv:name="exo:joinedDate" sv:type="Date"><sv:value>2010-11-02T13:46:36.943+07:00</sv:value></sv:property><sv:property sv:name="exo:lastLoginDate" sv:type="Date"><sv:value>2010-11-02T06:46:37.384+07:00</sv:value></sv:property><sv:property sv:name="exo:lastName" sv:type="String"><sv:value> </sv:value></sv:property><sv:property sv:name="exo:longDateformat" sv:type="String"><sv:value>DDD,MMM dd,yyyy</sv:value></sv:property><sv:property sv:name="exo:maxPost" sv:type="Long"><sv:value>10</sv:value></sv:property><sv:property sv:name="exo:maxTopic" sv:type="Long"><sv:value>10</sv:value></sv:property><sv:property sv:name="exo:moderateForums" sv:type="String"><sv:value> </sv:value></sv:property><sv:property sv:name="exo:newMessage" sv:type="Long"><sv:value>0</sv:value></sv:property><sv:property sv:name="exo:readForum" sv:type="String"><sv:value> </sv:value></sv:property><sv:property sv:name="exo:readTopic" sv:type="String"><sv:value> </sv:value></sv:property><sv:property sv:name="exo:shortDateformat" sv:type="String"><sv:value>MM/dd/yyyy</sv:value></sv:property><sv:property sv:name="exo:signature" sv:type="String"><sv:value> </sv:value></sv:property><sv:property sv:name="exo:timeFormat" sv:type="String"><sv:value>hh:mm a</sv:value></sv:property><sv:property sv:name="exo:timeZone" sv:type="Double"><sv:value>0.0</sv:value></sv:property><sv:property sv:name="exo:totalPost" sv:type="Long"><sv:value>0</sv:value></sv:property><sv:property sv:name="exo:totalTopic" sv:type="Long"><sv:value>0</sv:value></sv:property><sv:property sv:name="exo:userId" sv:type="String"><sv:value>john</sv:value></sv:property><sv:property sv:name="exo:userRole" sv:type="Long"><sv:value>2</sv:value></sv:property><sv:property sv:name="exo:userTitle" sv:type="String"><sv:value>User</sv:value></sv:property></sv:node><sv:node sv:name="mary"><sv:property sv:name="jcr:primaryType" sv:type="Name"><sv:value>exo:forumUserProfile</sv:value></sv:property><sv:property sv:name="exo:email" sv:type="String"><sv:value>mary@localhost</sv:value></sv:property><sv:property sv:name="exo:firstName" sv:type="String"><sv:value> </sv:value></sv:property><sv:property sv:name="exo:fullName" sv:type="String"><sv:value>Mary Kelly</sv:value></sv:property><sv:property sv:name="exo:isAutoWatchMyTopics" sv:type="Boolean"><sv:value>false</sv:value></sv:property><sv:property sv:name="exo:isAutoWatchTopicIPost" sv:type="Boolean"><sv:value>false</sv:value></sv:property><sv:property sv:name="exo:isBanned" sv:type="Boolean"><sv:value>false</sv:value></sv:property><sv:property sv:name="exo:isDisplayAvatar" sv:type="Boolean"><sv:value>true</sv:value></sv:property><sv:property sv:name="exo:isDisplaySignature" sv:type="Boolean"><sv:value>false</sv:value></sv:property><sv:property sv:name="exo:isShowForumJump" sv:type="Boolean"><sv:value>true</sv:value></sv:property><sv:property sv:name="exo:jobWattingForModerator" sv:type="Long"><sv:value>0</sv:value></sv:property><sv:property sv:name="exo:joinedDate" sv:type="Date"><sv:value>2010-11-02T13:46:37.593+07:00</sv:value></sv:property><sv:property sv:name="exo:lastLoginDate" sv:type="Date"><sv:value>2010-11-02T06:46:37.916+07:00</sv:value></sv:property><sv:property sv:name="exo:lastName" sv:type="String"><sv:value> </sv:value></sv:property><sv:property sv:name="exo:longDateformat" sv:type="String"><sv:value>DDD,MMM dd,yyyy</sv:value></sv:property><sv:property sv:name="exo:maxPost" sv:type="Long"><sv:value>10</sv:value></sv:property><sv:property sv:name="exo:maxTopic" sv:type="Long"><sv:value>10</sv:value></sv:property><sv:property sv:name="exo:moderateForums" sv:type="String"><sv:value> </sv:value></sv:property><sv:property sv:name="exo:newMessage" sv:type="Long"><sv:value>0</sv:value></sv:property><sv:property sv:name="exo:readForum" sv:type="String"><sv:value> </sv:value></sv:property><sv:property sv:name="exo:readTopic" sv:type="String"><sv:value> </sv:value></sv:property><sv:property sv:name="exo:shortDateformat" sv:type="String"><sv:value>MM/dd/yyyy</sv:value></sv:property><sv:property sv:name="exo:signature" sv:type="String"><sv:value> </sv:value></sv:property><sv:property sv:name="exo:timeFormat" sv:type="String"><sv:value>hh:mm a</sv:value></sv:property><sv:property sv:name="exo:timeZone" sv:type="Double"><sv:value>0.0</sv:value></sv:property><sv:property sv:name="exo:totalPost" sv:type="Long"><sv:value>0</sv:value></sv:property><sv:property sv:name="exo:totalTopic" sv:type="Long"><sv:value>0</sv:value></sv:property><sv:property sv:name="exo:userId" sv:type="String"><sv:value>mary</sv:value></sv:property><sv:property sv:name="exo:userRole" sv:type="Long"><sv:value>2</sv:value></sv:property><sv:property sv:name="exo:userTitle" sv:type="String"><sv:value>User</sv:value></sv:property></sv:node><sv:node sv:name="demo"><sv:property sv:name="jcr:primaryType" sv:type="Name"><sv:value>exo:forumUserProfile</sv:value></sv:property><sv:property sv:name="exo:email" sv:type="String"><sv:value>demo@localhost</sv:value></sv:property><sv:property sv:name="exo:firstName" sv:type="String"><sv:value> </sv:value></sv:property><sv:property sv:name="exo:fullName" sv:type="String"><sv:value>Demo gtn</sv:value></sv:property><sv:property sv:name="exo:isAutoWatchMyTopics" sv:type="Boolean"><sv:value>false</sv:value></sv:property><sv:property sv:name="exo:isAutoWatchTopicIPost" sv:type="Boolean"><sv:value>false</sv:value></sv:property><sv:property sv:name="exo:isBanned" sv:type="Boolean"><sv:value>false</sv:value></sv:property><sv:property sv:name="exo:isDisplayAvatar" sv:type="Boolean"><sv:value>true</sv:value></sv:property><sv:property sv:name="exo:isDisplaySignature" sv:type="Boolean"><sv:value>false</sv:value></sv:property><sv:property sv:name="exo:isShowForumJump" sv:type="Boolean"><sv:value>true</sv:value></sv:property><sv:property sv:name="exo:jobWattingForModerator" sv:type="Long"><sv:value>0</sv:value></sv:property><sv:property sv:name="exo:joinedDate" sv:type="Date"><sv:value>2010-11-02T13:46:37.987+07:00</sv:value></sv:property><sv:property sv:name="exo:lastLoginDate" sv:type="Date"><sv:value>2010-11-02T06:46:38.242+07:00</sv:value></sv:property><sv:property sv:name="exo:lastName" sv:type="String"><sv:value> </sv:value></sv:property><sv:property sv:name="exo:longDateformat" sv:type="String"><sv:value>DDD,MMM dd,yyyy</sv:value></sv:property><sv:property sv:name="exo:maxPost" sv:type="Long"><sv:value>10</sv:value></sv:property><sv:property sv:name="exo:maxTopic" sv:type="Long"><sv:value>10</sv:value></sv:property><sv:property sv:name="exo:moderateForums" sv:type="String"><sv:value> </sv:value></sv:property><sv:property sv:name="exo:newMessage" sv:type="Long"><sv:value>0</sv:value></sv:property><sv:property sv:name="exo:readForum" sv:type="String"><sv:value> </sv:value></sv:property><sv:property sv:name="exo:readTopic" sv:type="String"><sv:value> </sv:value></sv:property><sv:property sv:name="exo:shortDateformat" sv:type="String"><sv:value>MM/dd/yyyy</sv:value></sv:property><sv:property sv:name="exo:signature" sv:type="String"><sv:value> </sv:value></sv:property><sv:property sv:name="exo:timeFormat" sv:type="String"><sv:value>hh:mm a</sv:value></sv:property><sv:property sv:name="exo:timeZone" sv:type="Double"><sv:value>0.0</sv:value></sv:property><sv:property sv:name="exo:totalPost" sv:type="Long"><sv:value>0</sv:value></sv:property><sv:property sv:name="exo:totalTopic" sv:type="Long"><sv:value>0</sv:value></sv:property><sv:property sv:name="exo:userId" sv:type="String"><sv:value>demo</sv:value></sv:property><sv:property sv:name="exo:userRole" sv:type="Long"><sv:value>2</sv:value></sv:property><sv:property sv:name="exo:userTitle" sv:type="String"><sv:value>User</sv:value></sv:property></sv:node></sv:node>